major_name,median_earnings_1yr,median_earnings_5yr,median_growth,median_growth_pct,earnings_variation,school_count,earnings_rank,growth_rank,consistency_rank,low_earnings_flag,high_growth_flag
Accounting and Related Services.,53705,69429,18176,0.33396670659672023,19753,775,107,152,241,FALSE,FALSE
"Aerospace, Aeronautical and Astronautical Engineering.",73213,97915,23567,0.33001976842699804,6938,57,18,80,45,FALSE,FALSE
Agricultural Business and Management.,49371,62394,16740,0.36540386848744544,14629,71,143,175,194,FALSE,FALSE
Agricultural Engineering.,66338.5,85625,16568,0.24008167299664168,8355.5,19,51,177,69,FALSE,FALSE
Agricultural Mechanization.,55664,72288,18323,0.3328238415292958,5431,10,96,148,30,FALSE,FALSE
Agricultural Production Operations.,32996,49282,9514.5,0.2765498136882449,17193,13,229,253,220,TRUE,FALSE
Agricultural Public Services.,43324,53163,12528,0.28331642266995216,4538.5,8,194,231,23,FALSE,FALSE
Agricultural and Domestic Animal Services.,30953.5,34516,8417.5,0.2815694914954897,10732.5,7,287,259,114,TRUE,FALSE
Agricultural and Food Products Processing.,76052,71906,7804,0.10261400094672068,11950,2,98,263,154,FALSE,FALSE
"Agriculture, Agriculture Operations, and Related Sciences, Other.",45096,58737.5,15611,0.22414419449490008,12022,4,161,196,156,FALSE,FALSE
"Agriculture, General.",39145,52293,11804.5,0.30533639011802216,11518,37,200,239,141,FALSE,FALSE
Agriculture/Veterinary Preparatory Programs.,29598,69396,46049,1.5558145820663558,16404.5,7,108,4,215,FALSE,TRUE
Air Transportation.,43171,75280,31016,0.7785887302396737,9105,48,85,26,82,FALSE,TRUE
"Allied Health Diagnostic, Intervention, and Treatment Professions.",60999,61582,5473,0.07416184466866331,18914,222,148,274,236,FALSE,FALSE
Allied Health and Medical Assisting Services.,32919,73172.5,40905.5,1.3694125890007225,31052.5,12,93,5,267,FALSE,TRUE
Alternative and Complementary Medicine and Medical Systems.,33302,32686,-1306,-0.03366933924566243,3378,3,289,284,13,TRUE,FALSE
American Sign Language.,31969,45651,14789,0.43786824574389344,5902.75,8,255,208,34,TRUE,FALSE
Animal Sciences.,34467,52790,18740,0.5131344612644702,9922.5,79,196,142,103,FALSE,FALSE
Anthropology.,27844,45600.5,17730,0.6347555806725064,11288.25,178,256,160,135,TRUE,FALSE
Apparel and Textiles.,37329,54897,17212,0.44767809384877216,7776.75,48,180,168,59,FALSE,FALSE
Applied Horticulture and Horticultural Business Services.,45520,55006,11829,0.26044916836834087,9356,9,179,238,89,FALSE,FALSE
Applied Mathematics.,58358,89979.5,34897,0.560374171982604,16302.25,32,42,14,214,FALSE,TRUE
Archeology.,29547,41084,11537,0.39046265272278063,0,1,275,244,1,TRUE,FALSE
Architectural Engineering Technologies/Technicians.,50342,65093.5,17352,0.2683842517182472,12536,8,127,167,162,FALSE,FALSE
Architectural Engineering.,73800.5,90781.5,15692.5,0.20004695806738887,9362.75,12,39,195,90,FALSE,FALSE
Architectural Sciences and Technology.,49148,64280,16057.5,0.32998332973741373,8178.25,8,133,188,67,FALSE,FALSE
"Architecture and Related Services, Other.",25676,58358,37232,1.450070104377629,5092.25,4,163,8,28,FALSE,TRUE
Architecture.,46551,67661.5,20090,0.4270595093950401,8898.75,92,111,122,79,FALSE,FALSE
Area Studies.,35563,59136,23068,0.6577895827880603,15930,65,157,87,209,FALSE,FALSE
"Arts, Entertainment,and Media Management.",27444,42388,15742,0.5712130174524896,8315,37,269,193,68,TRUE,FALSE
Astronomy and Astrophysics.,42397,61537.5,19140.5,0.45636254558781186,584.5,2,149,137,2,FALSE,FALSE
Atmospheric Sciences and Meteorology.,41474.5,60516,18517.5,0.43911489872638276,7477,12,152,144,53,FALSE,FALSE
Audiovisual Communications Technologies/Technicians.,22664,38947,17352,0.7713995764207554,11161,33,283,167,129,TRUE,FALSE
Behavioral Sciences.,38087,43712,5625,0.14768818757056212,5194.5,19,264,273,29,TRUE,FALSE
Bible/Biblical Studies.,34516,42261,9157,0.29567285755324046,9223,43,270,256,88,TRUE,FALSE
"Bilingual, Multilingual, and Multicultural Education.",56102.5,58147,268,0.00454717842554119,10927.5,3,165,282,122,FALSE,FALSE
Biochemical Engineering.,70668,99194,28526,0.4036621950529235,0,1,17,36,1,FALSE,TRUE
"Biochemistry, Biophysics and Molecular Biology.",38484,68666,31532,0.8489002801454372,11050,108,110,24,124,FALSE,TRUE
Bioethics/Medical Ethics.,NA,63986,NA,NA,0,1,135,NA,1,FALSE,NA
"Biological and Biomedical Sciences, Other.",32377,65877.5,29993,1.194202003038027,18737,14,121,32,233,FALSE,TRUE
Biological and Physical Sciences.,34541.5,64994,28431.5,0.8652699009348822,12429.25,24,128,37,159,FALSE,TRUE
Biological/Biosystems Engineering.,59050,75689,17105,0.28418341917262,2980.25,6,84,169,10,FALSE,FALSE
"Biology, General.",32145,60702.5,28548,0.8633646928610957,14077.75,854,151,35,186,FALSE,TRUE
"Biomathematics, Bioinformatics, and Computational Biology.",76592,138331,61739,0.8060763526216838,22860,3,1,1,253,FALSE,TRUE
Biomedical/Medical Engineering.,66075,94444,28412,0.4293454407869845,16123,93,27,38,212,FALSE,TRUE
Biopsychology.,43343,59131,15788,0.36425720416214846,0,1,158,192,1,FALSE,FALSE
Biotechnology.,49615,74420.5,25810,0.5202055829890154,20496.75,14,89,60,246,FALSE,TRUE
Botany/Plant Biology.,30713,35390,21511,0.7003874580796405,0,7,285,104,1,TRUE,FALSE
"Building/Construction Finishing, Management, and Inspection.",71202,96950,24460,0.35580393682826356,13873.75,6,23,74,182,FALSE,FALSE
"Business Administration, Management and Operations.",46431,62344,16083,0.34483984861185196,16000,1230,144,185,210,FALSE,FALSE
Business Operations Support and Assistant Services.,12719.5,21939,9448,0.9022898877009484,4049.75,12,293,254,16,TRUE,FALSE
"Business, Management, Marketing, and Related Support Services, Other.",50740,64911.5,20142,0.44771383523847064,20041,38,130,121,244,FALSE,FALSE
"Business/Commerce, General.",47841.5,64524,15467.5,0.33786036175072537,11310,255,132,199,137,FALSE,FALSE
Business/Corporate Communications.,41988,59892,18152,0.4264075450128608,10838,13,155,153,118,FALSE,FALSE
Business/Managerial Economics.,53219,79847,30340,0.6295122565480188,21956,73,73,29,251,FALSE,TRUE
Cell/Cellular Biology and Anatomical Sciences.,35393,70503,35811,0.9585074538395424,13664,35,104,12,180,FALSE,TRUE
Chemical Engineering.,73092,97080,23968,0.3278182482920723,13255,153,22,76,170,FALSE,FALSE
Chemistry.,42660,67259,27018,0.6417571320373643,9914,211,113,51,102,FALSE,TRUE
"City/Urban, Community and Regional Planning.",42823.5,65382,19649,0.47501723551454805,10923,15,124,131,121,FALSE,FALSE
Civil Engineering Technologies/Technicians.,58970,78052.5,16001,0.2558031717610948,4373.5,14,76,189,20,FALSE,FALSE
Civil Engineering.,69549,85896.5,17033,0.24712569062765977,10035.75,216,49,171,105,FALSE,FALSE
Classical and Ancient Studies.,32054,48874.5,19370,0.6042927559742933,2549.5,2,235,133,8,TRUE,FALSE
"Classics and Classical Languages, Literatures, and Linguistics.",NA,46895,NA,NA,1131,3,250,NA,4,TRUE,NA
"Clinical, Counseling and Applied Psychology.",33805,49634,18098,0.6301518438177874,9128.5,55,226,155,84,TRUE,FALSE
Clinical/Medical Laboratory Science/Research and Allied Professions.,65673,72142,6590,0.10301786142411892,7666,73,97,271,57,FALSE,FALSE
Cognitive Science.,41362,74188.5,25213,0.5590545082792484,14669,10,90,64,196,FALSE,TRUE
Communication Disorders Sciences and Services.,24952,58901.5,32862,1.2711006076975018,9815.5,206,160,17,100,FALSE,TRUE
Communication and Media Studies.,35577,52801,18057,0.5205531173464089,12766.5,623,195,157,167,FALSE,FALSE
"Communication, Journalism, and Related Programs, Other.",34432,51878,20251,0.6711530456500624,17854,24,202,117,228,FALSE,FALSE
"Communications Technologies/Technicians and Support Services, Other.",30890.5,53368,11663.5,0.3601817517489738,10850.5,3,192,242,119,FALSE,FALSE
Communications Technology/Technician.,17883,39852.5,21969.5,1.1871613481661645,15223.5,2,279,97,203,TRUE,FALSE
Community Organization and Advocacy.,40541.5,49649,6951,0.17947614264669165,11859.25,18,225,268,153,TRUE,FALSE
Computer Engineering Technologies/Technicians.,48829,81090,32261,0.6606934403735485,1820.25,26,62,19,6,FALSE,TRUE
Computer Engineering.,79276,107580,28181.5,0.35515503342745713,19287.5,143,7,41,239,FALSE,TRUE
Computer Programming.,50242,80716,30344,0.5399010406833938,14694.5,34,64,28,199,FALSE,TRUE
Computer Science.,73145,104292,31733,0.44298231706672586,31517,267,9,22,268,FALSE,TRUE
Computer Software and Media Applications.,32505,52507.5,15438,0.4454863829851968,19961.75,74,198,200,243,FALSE,FALSE
Computer Systems Analysis.,51805,74585,22780,0.43972589518386257,11761,35,88,89,150,FALSE,FALSE
Computer Systems Networking and Telecommunications.,60540,73315,12775,0.21101750908490255,6228,49,91,225,37,FALSE,FALSE
"Computer and Information Sciences and Support Services, Other.",61890,75090,32264,0.4079403211531167,13544.5,7,86,18,176,FALSE,TRUE
"Computer and Information Sciences, General.",61941,86745,26283,0.4211079672835784,24777,391,46,56,261,FALSE,TRUE
Computer/Information Technology Administration and Management.,58166,74894,16762,0.2808410823489989,13279,69,87,174,171,FALSE,FALSE
Construction Engineering Technologies.,72859,91651,19842,0.2717947883923446,16221,37,35,128,213,FALSE,FALSE
Construction Engineering.,80936,102183,25263,0.31213551448057725,10082.5,7,11,63,106,FALSE,TRUE
Construction Management.,73270.5,92752,21073.5,0.2728273917080777,13531.5,44,33,111,175,FALSE,FALSE
Cosmetology and Related Personal Grooming Services.,NA,17368,NA,NA,0,1,294,NA,1,TRUE,NA
"Crafts/Craft Design, Folk Art and Artisanry.",25027,39210,12849,0.520012199482221,4669,3,281,224,24,TRUE,FALSE
Criminal Justice and Corrections.,37952,52188,13406,0.36236969759521104,11519,693,201,219,142,FALSE,FALSE
Criminology.,37214,54270.5,18207,0.4763471140876068,12670.75,102,185,149,164,FALSE,FALSE
Culinary Arts and Related Services.,30409,39083,8823,0.3020693654187656,4196,29,282,258,17,TRUE,FALSE
Cultural Studies/Critical Theory and Analysis.,21458,44050.5,30131,1.4041849193773883,7538.5,2,261,31,54,TRUE,TRUE
Curriculum and Instruction.,45004,50406,2286,0.05079548484579149,8922,3,216,281,80,FALSE,FALSE
Dance.,23191,32954,11566,0.5506175339137477,12252.5,39,288,243,157,TRUE,FALSE
Data Processing.,NA,62901,NA,NA,0,1,140,NA,1,FALSE,NA
Dental Support Services and Allied Professions.,60002,63388,2455,0.03653142457028241,11326.25,58,138,280,138,FALSE,FALSE
Design and Applied Arts.,32829,50166.5,18340.5,0.5595092279389824,14687.5,298,220,146,197,FALSE,FALSE
Dietetics and Clinical Nutrition Services.,31282.5,55496.5,21424.5,0.6960269865988902,6543.25,68,173,107,40,FALSE,FALSE
Drafting/Design Engineering Technologies/Technicians.,60463.5,76710,16079.5,0.2481503699260148,18239.75,8,82,186,230,FALSE,FALSE
Drama/Theatre Arts and Stagecraft.,20655.5,34577,12974,0.6578713476280413,7973,225,286,223,64,TRUE,FALSE
"East Asian Languages, Literatures, and Linguistics.",27340,52552,29153,1.0296790835134202,14043.5,27,197,34,185,FALSE,TRUE
"Ecology, Evolution, Systematics, and Population Biology.",29318,47544,17657,0.5908781484002723,11415.5,54,245,161,139,TRUE,FALSE
Economics.,51848,77589.5,28317,0.54292925309567,22034.5,348,79,39,252,FALSE,TRUE
"Education, General.",37370,47043,7407,0.18993845330478995,10797.5,67,249,265,117,TRUE,FALSE
"Education, Other.",36513,49435,7055.5,0.23298389604863756,11828,23,227,267,152,TRUE,FALSE
Educational Administration and Supervision.,37480,42810,5330,0.14220917822838847,4223,14,268,275,18,TRUE,FALSE
"Educational Assessment, Evaluation, and Research.",29771.5,44221,14449.5,0.5204781709562651,4355,2,260,212,19,TRUE,FALSE
Electrical Engineering Technologies/Technicians.,67395,85005,17610,0.26129534831960827,7938.25,52,53,162,61,FALSE,FALSE
"Electrical, Electronics and Communications Engineering.",77939,99319.5,21621.5,0.2728607329845635,10311,240,15,102,109,FALSE,FALSE
Electromechanical Engineering.,84375,96906,12531,0.14851555555555557,0,1,24,230,1,FALSE,FALSE
Electromechanical Instrumentation and Maintenance Technologies/Technicians.,62864,83399,20535,0.32665754644947825,0,17,55,115,1,FALSE,FALSE
Energy Systems Technologies/Technicians.,57378,72771,24599.5,0.4470969882465968,23667,5,95,72,256,FALSE,TRUE
Engineering Mechanics.,77173.5,94052.5,16879,0.21716755936118007,7572.5,2,28,172,55,FALSE,FALSE
Engineering Physics.,68379,91535.5,23670,0.32487853084081364,20494.75,6,37,78,245,FALSE,FALSE
Engineering Science.,79909,97604,27307,0.3450188595518083,13976.75,8,20,44,183,FALSE,TRUE
"Engineering Technologies/Technicians, Other.",66669,80920,15585,0.22068819031435857,13993,13,63,197,184,FALSE,FALSE
"Engineering Technology, General.",61424,80501.5,19975,0.3627122827042618,14409.5,30,70,124,191,FALSE,FALSE
"Engineering, General.",67911,89038,21480,0.3039326013564889,17495,49,43,106,227,FALSE,FALSE
"Engineering, Other.",72351,92501,19797.5,0.2699967854197822,7959.5,16,34,130,63,FALSE,FALSE
Engineering-Related Fields.,69042,90173,19297,0.2540522184344919,17480.25,22,40,134,226,FALSE,FALSE
"English Language and Literature, General.",29967,47271,16789,0.5977407620141681,10869,576,247,173,120,TRUE,FALSE
"English Language and Literature/Letters, Other.",37896,49037,12101.5,0.3854087504296442,9456.75,8,234,234,92,TRUE,FALSE
Entrepreneurial and Small Business Operations.,42955,54706,14474.5,0.4579300554910311,26612.25,54,183,211,262,FALSE,FALSE
Environmental Control Technologies/Technicians.,57601,87544,27079.5,0.4843993429682971,9445.5,3,45,50,91,FALSE,TRUE
Environmental Design.,40176.5,61629,24976.5,0.6226970363147875,7079,9,146,69,48,FALSE,TRUE
Environmental/Environmental Health Engineering.,63049,80713.5,16154,0.2377756189466867,8999.5,32,65,182,81,FALSE,FALSE
"Ethnic, Cultural Minority, Gender, and Group Studies.",31451,51370,21736,0.709380342941575,8409.5,76,210,100,70,FALSE,FALSE
Family and Consumer Economics and Related Studies.,40141,50122,13376,0.3363646472840086,15869,17,222,220,206,TRUE,FALSE
Family and Consumer Sciences/Human Sciences Business Services.,40256,63583,24586.5,0.5321052281231883,6491,8,137,73,39,FALSE,FALSE
"Family and Consumer Sciences/Human Sciences, General.",31910,43149,11730,0.3663869819476227,8090,49,266,240,66,TRUE,FALSE
Film/Video and Photographic Arts.,24648.5,41872,17603.5,0.7304687757205537,11750.5,139,272,163,149,TRUE,FALSE
Finance and Financial Management Services.,53853,77677,25552,0.4695290858725762,21809.5,404,78,61,250,FALSE,TRUE
Fine and Studio Arts.,24538,40813.5,15370,0.6447779111644658,9874.5,434,277,201,101,TRUE,FALSE
Fire Protection.,67101.5,80521,13080,0.2028965403711822,18671.75,16,69,222,231,FALSE,FALSE
Fishing and Fisheries Sciences and Management.,33314,49281,15098.5,0.45260418507565275,4420,9,230,204,22,TRUE,FALSE
Food Science and Technology.,51883,70437,17544,0.3776749061053367,11608.25,28,105,164,145,FALSE,FALSE
"Foods, Nutrition, and Related Services.",32586,55710,22054,0.6875532315453359,15590,57,171,95,205,FALSE,FALSE
"Foreign Languages, Literatures, and Linguistics, Other.",34944,50909,25166,0.741161578466411,9751.5,3,213,66,98,FALSE,TRUE
Forest Engineering.,51279,78198,26919,0.5249517346282104,0,2,75,52,1,FALSE,TRUE
Forestry.,43535,60155,16213,0.3518422878090316,10338,25,154,181,110,FALSE,FALSE
Funeral Service and Mortuary Science.,44957,54270,9756.5,0.19263445070552115,7363,5,186,252,51,FALSE,FALSE
"General Sales, Merchandising and Related Marketing Operations.",51011.5,73314,23052,0.43966627792800395,27144.5,26,92,88,263,FALSE,FALSE
Genetics.,32565,66769.5,32066,0.932132855130456,11285.5,8,115,21,134,FALSE,TRUE
Geography and Cartography.,37690.5,56172,18185.5,0.4862171992186839,10021.25,102,170,150,104,FALSE,FALSE
Geological and Earth Sciences/Geosciences.,39846.5,58245,19253.5,0.5162985239961776,11091.75,104,164,135,125,FALSE,FALSE
Geological/Geophysical Engineering.,66598.5,84373,12336,0.18383198447693433,6287,3,54,233,38,FALSE,FALSE
"Germanic Languages, Literatures, and Linguistics.",44390,55692.5,13861,0.3357312406142518,13407.25,4,172,217,173,FALSE,FALSE
Gerontology.,37623,47812,14860,0.37588440755888586,12612,9,244,206,163,TRUE,FALSE
Graphic Communications.,26481,48825.5,21489,0.7867032016152293,18763.5,52,236,105,234,TRUE,FALSE
"Health Professions and Related Clinical Sciences, Other.",38342,65226,23106,0.5676122216275336,17352.5,59,125,85,222,FALSE,FALSE
"Health Services/Allied Health/Health Sciences, General.",35593.5,56334,19839,0.5768110108835316,19286.75,126,169,129,238,FALSE,FALSE
Health and Medical Administrative Services.,44167,55408,11984,0.278363620604975,16819,257,175,235,219,FALSE,FALSE
Health and Physical Education/Fitness.,30721,52443,21074.5,0.6874798490819236,11211,541,199,110,132,FALSE,FALSE
Health-Related Knowledge and Skills.,35907,51729,15822,0.44063831564875927,0,1,206,191,1,FALSE,FALSE
Health/Medical Preparatory Programs.,33642,65844,30892.5,0.910069029184239,16100,45,122,27,211,FALSE,TRUE
Heavy/Industrial Equipment Maintenance Technologies.,65331,80009,14678,0.2246712892807396,0,1,72,209,1,FALSE,FALSE
High School/Secondary Diploma Programs.,NA,82002,NA,NA,0,1,59,NA,1,FALSE,NA
Historic Preservation and Conservation.,35326,48223.5,16558,0.4687199230028874,3660.5,2,239,178,14,TRUE,FALSE
History.,31220,50267,19168,0.6275040794361698,10797.25,484,219,136,116,FALSE,FALSE
"Homeland Security, Law Enforcement, Firefighting and Related Protective Services, Other.",46735,63634.5,18184,0.3168922677544966,12981.25,12,136,151,168,FALSE,FALSE
Homeland Security.,48676,61629,13588,0.2348572754699466,14156,25,146,218,187,FALSE,FALSE
Hospitality Administration/Management.,35372.5,51214,15223.5,0.43339194751578114,9118,131,211,202,83,FALSE,FALSE
Housing and Human Environments.,38637,51755,13118,0.3395191138028315,11575.5,11,205,221,144,FALSE,FALSE
Human Biology.,36620,77466,32111.5,0.897964000765137,23338.5,7,80,20,255,FALSE,TRUE
Human Computer Interaction.,43323,107386,22490.5,0.5307903729015004,51825.25,4,8,91,273,FALSE,FALSE
"Human Development, Family Studies, and Related Services.",33643,46094.5,11405,0.337383332412879,8499,150,254,248,75,TRUE,FALSE
Human Resources Management and Services.,51672.5,64654,14593.5,0.28148084136257573,12464.75,172,131,210,161,FALSE,FALSE
"Human Services, General.",36959,45035,6883,0.1782387590428334,7602,76,259,269,56,TRUE,FALSE
Industrial Engineering.,74748,93248,19901,0.2693102542179261,16601.5,71,31,125,217,FALSE,FALSE
Industrial Production Technologies/Technicians.,58538,77888,16590,0.2733103565522464,14575.5,47,77,176,193,FALSE,FALSE
Information Science/Studies.,59368,86333.5,22547,0.4089424213880594,18095,108,48,90,229,FALSE,FALSE
Insurance.,59022,85406.5,25898,0.4434554314793836,18776.5,18,52,59,235,FALSE,TRUE
"Intelligence, Command Control and Information Operations.",52211,80168,24457,0.4022190611664296,24558,3,71,75,258,FALSE,FALSE
Intercultural/Multicultural and Diversity Studies.,26144.5,45398.5,22052,0.8412319081973882,7462.75,4,257,96,52,TRUE,FALSE
Interior Architecture.,45345,58048,11983,0.26426287352519573,2149,9,166,236,7,FALSE,FALSE
International Agriculture.,52068,51601,-467,-0.00896904048551893,0,1,207,283,1,FALSE,FALSE
International Business.,49159.5,71177,24977.5,0.49756382944890426,23750,93,102,68,257,FALSE,TRUE
International Relations and National Security Studies.,38810,64958,27148,0.6776051433163676,19032.5,111,129,48,237,FALSE,TRUE
International and Comparative Education.,40723,66024,25301,0.6212950912260885,0,1,120,62,1,FALSE,TRUE
International/Global Studies.,32994,54769,23090,0.6883583830007775,15207.75,64,182,86,202,FALSE,FALSE
Journalism.,35050,53852,20537,0.5525218629245475,13598.5,171,189,114,178,FALSE,FALSE
Landscape Architecture.,54701,66377,11515,0.2173905106157694,8482,21,116,246,72,FALSE,FALSE
"Legal Professions and Studies, Other.",36131,60443,20019,0.4952256085493766,21296,13,153,123,249,FALSE,FALSE
Legal Research and Advanced Professional Studies.,40966,54604,19605,0.4785675926377972,8540,3,184,132,77,FALSE,FALSE
Legal Support Services.,36900,50061,11924,0.32188925400951496,5942,45,223,237,35,TRUE,FALSE
Leisure and Recreational Activities.,23400,41743.5,16126.5,0.6899700396557995,6095.5,4,273,183,36,TRUE,FALSE
"Liberal Arts and Sciences, General Studies and Humanities.",36597,48581,11437,0.3197101877864853,11612.5,440,237,247,146,TRUE,FALSE
Library Science and Administration.,29163,42952,6687,0.2292973973871001,7102,2,267,270,49,TRUE,FALSE
"Linguistic, Comparative, and Related Language Studies and Services.",26414,49271.5,22269,0.9214458608904651,11185.25,80,231,93,130,TRUE,FALSE
Literature.,23868,51146,27278,1.1428691134573488,11300.25,8,212,45,136,FALSE,TRUE
Management Information Systems and Services.,61145,83379,23667,0.4197446859713724,21245.75,152,56,79,248,FALSE,FALSE
Management Sciences and Quantitative Methods.,60902.5,81903,26004.5,0.4332763536018087,32653,83,61,58,269,FALSE,TRUE
Manufacturing Engineering.,70837,90093.5,18706.5,0.2650074173782204,7000.5,8,41,143,46,FALSE,FALSE
Marine Sciences.,28255.5,50658.5,22403,0.7890120349718805,4887.5,2,214,92,27,FALSE,FALSE
Marine Transportation.,84187,109470,26617,0.31616520365377077,9732,7,6,54,97,FALSE,TRUE
Marketing.,45460,64117,20155,0.4480070891203703,15498,471,134,120,204,FALSE,FALSE
Materials Engineering,74768.5,88803,17965.5,0.2585762604913546,9784.75,26,44,159,99,FALSE,FALSE
Materials Sciences.,72216,86377,14161,0.19609227871939736,8482.5,3,47,215,73,FALSE,FALSE
Mathematics and Computer Science.,56140,93002.5,36862.5,0.7297333999920741,1543.5,2,32,9,5,FALSE,TRUE
"Mathematics and Statistics, Other.",49297.5,73115,32991.5,0.516321185642917,17234.5,6,94,16,221,FALSE,TRUE
Mathematics.,48750,69210,23112,0.46659557326117607,20686.5,275,109,84,247,FALSE,FALSE
Mechanical Engineering Related Technologies/Technicians.,63343,80580.5,17511.5,0.2690161295283332,8455.75,48,68,165,71,FALSE,FALSE
Mechanical Engineering.,70791,91587.5,20385.5,0.28343463235536326,8486,298,36,116,74,FALSE,FALSE
"Mechatronics, Robotics, and Automation Engineering.",81517,97576,16059,0.19700185237435136,0,1,21,187,1,FALSE,FALSE
Medical Illustration and Informatics.,49685.5,69645,29616.5,0.9676804613130201,10206,3,106,33,108,FALSE,TRUE
Medicine.,NA,66278,NA,NA,7843,2,119,NA,60,FALSE,NA
Mental and Social Health Services and Allied Professions.,40333,48401,10462,0.27979570079091565,10981,49,238,251,123,TRUE,FALSE
Metallurgical Engineering.,78984,93398,14926,0.18897498227489112,10148.5,3,29,205,107,FALSE,FALSE
Microbiological Sciences and Immunology.,37610,65144,27755,0.7383219834007235,9158,45,126,42,85,FALSE,TRUE
"Middle/Near Eastern and Semitic Languages, Literatures, and Linguistics.",48355,77090,8898,0.1840140626615655,19837,2,81,257,242,FALSE,FALSE
Military Applied Sciences.,NA,50150,NA,NA,0,1,221,NA,1,FALSE,NA
Mining and Mineral Engineering.,84603,94923,18934.5,0.23832362113813893,9202,7,25,139,86,FALSE,FALSE
Mining and Petroleum Technologies/Technicians.,52842,71690,18848,0.35668596949396314,0,1,99,140,1,FALSE,FALSE
Missions/Missionary Studies and Missiology.,26236,30171,6222,0.2371550541241043,3228.5,3,291,272,12,TRUE,FALSE
"Multi-/Interdisciplinary Studies, General.",37282,48160,12637,0.319681254743233,9638.5,43,240,229,95,TRUE,FALSE
"Multi/Interdisciplinary Studies, Other.",39562,54209,12766,0.327867266482852,13869.5,195,188,226,181,FALSE,FALSE
Music.,26084,40932,12751,0.4798953280571866,11952.25,238,276,227,155,TRUE,FALSE
Natural Resources Conservation and Research.,33976,54801,20841,0.611114927526276,12435,223,181,113,160,FALSE,FALSE
Natural Resources Management and Policy.,37126,55165.5,15496,0.3646975759002118,17478.75,28,177,198,225,FALSE,FALSE
"Natural Resources and Conservation, Other.",29139,43168,14029,0.4814509763547136,5465.5,3,265,216,31,TRUE,FALSE
Natural Sciences.,27594,65682,30304.5,1.3582287612559907,28402,11,123,30,265,FALSE,TRUE
Naval Architecture and Marine Engineering.,96291.5,117114,21092.5,0.22861948751518657,23099,5,4,109,254,FALSE,FALSE
Neurobiology and Neurosciences.,29765,67210,37434,1.2862833033369725,10573.5,63,114,7,112,FALSE,TRUE
Non-Professional General Legal Studies (Undergraduate).,39838,62159,24794,0.6249032676801718,10750.5,38,145,71,115,FALSE,TRUE
Nuclear Engineering Technologies/Technicians.,101386,122503,21117,0.20828319491843056,0,1,3,108,1,FALSE,FALSE
Nuclear Engineering.,73724,97907,23907,0.3056457592881434,6636.5,11,19,77,41,FALSE,FALSE
Nursing.,NA,82934,NA,NA,0,1,58,NA,1,FALSE,NA
Nutrition Sciences.,30310.5,55472.5,27155,0.9100091979790692,7300.25,38,174,47,50,FALSE,TRUE
Ocean Engineering.,69707,91200,21894,0.31324780974622124,5468.5,4,38,98,32,FALSE,FALSE
Operations Research.,84517.5,137492,52974.5,0.6364643575340093,50874.5,4,2,3,272,FALSE,TRUE
"Parks, Recreation and Leisure Facilities Management.",32620,47086.5,14179,0.4297708535402522,9210.25,52,248,214,87,TRUE,FALSE
"Parks, Recreation and Leisure Studies.",34742,50444,16234,0.4729807771636004,11447,51,215,180,140,FALSE,FALSE
"Parks, Recreation, Leisure, and Fitness Studies, Other.",27129,47311,18108,0.6200732801424511,4374,3,246,154,21,TRUE,FALSE
Pastoral Counseling and Specialized Ministries.,33745,40556,8048,0.23899873069764907,7986,23,278,260,65,TRUE,FALSE
Peace Studies and Conflict Resolution.,40929,75726,25081,0.6703819527971561,14320,5,83,67,190,FALSE,TRUE
Petroleum Engineering.,69212,99276,36357,0.6195370234424705,15899,19,16,11,207,FALSE,TRUE
Pharmacology and Toxicology.,39202,94657.5,58352,1.4802262753354811,11199.75,4,26,2,131,FALSE,TRUE
"Pharmacy, Pharmaceutical Sciences, and Administration.",47882,100306,38246,0.7327298795971601,59116,23,13,6,274,FALSE,TRUE
"Philosophy and Religious Studies, Other.",NA,46290,NA,NA,4884,2,253,NA,26,TRUE,NA
Philosophy.,32513,55073,20879,0.6403937447640324,14255.75,82,178,112,189,FALSE,FALSE
"Physical Sciences, Other.",35464,57683.5,12702,0.35816602752086624,9517.5,2,167,228,93,FALSE,FALSE
Physical Sciences.,41421,71673.5,23185,0.5597402283865672,7067.5,2,100,83,47,FALSE,FALSE
Physics.,44011.5,80618,36366.5,0.8695432465261178,14424,53,67,10,192,FALSE,TRUE
"Physiology, Pathology and Related Sciences.",30559.5,66354,34556,1.1320680828223013,13414,60,118,15,174,FALSE,TRUE
Plant Sciences.,43944,53392.5,10796,0.2574729701081196,11733,42,191,250,148,FALSE,FALSE
Political Science and Government.,35813,61602,26858,0.7354989605262341,14689,511,147,53,198,FALSE,TRUE
Polymer/Plastics Engineering.,72776,99370.5,26594.5,0.37265777279452206,2870.5,2,14,55,9,FALSE,TRUE
"Practical Nursing, Vocational Nursing and Nursing Assistants.",10084,29029,18945,1.8787187623958743,7763.25,6,292,138,58,TRUE,FALSE
"Psychology, General.",31450,49106,17456,0.5713760004906621,11111.75,1040,233,166,126,TRUE,FALSE
"Psychology, Other.",34117.5,59829,21794,0.5724674680311582,19535.25,12,156,99,240,FALSE,FALSE
"Public Administration and Social Service Professions, Other.",44593,62963.5,20228,0.47615460665693704,11785.25,12,139,118,151,FALSE,FALSE
Public Administration.,44951,58908,14801,0.3205712887366243,14646,49,159,207,195,FALSE,FALSE
Public Health.,37548,56345,17079,0.45019561412539894,16689,149,168,170,218,FALSE,FALSE
Public Policy Analysis.,43733,67466.5,24860.5,0.6081440847201853,14158,22,112,70,188,FALSE,TRUE
"Public Relations, Advertising, and Applied Communication.",40178,58605.5,18818,0.4849047731013402,14887.25,154,162,141,201,FALSE,FALSE
Quality Control and Safety Technologies/Technicians.,65062,83012.5,18509.5,0.2835697724591991,10607,16,57,145,113,FALSE,FALSE
"Radio, Television, and Digital Communication.",29099,47815,20212.5,0.6435758691264925,11114,137,243,119,127,TRUE,FALSE
Real Estate.,55456,85784,31092,0.5845680986746722,28121.5,15,50,25,264,FALSE,TRUE
"Registered Nursing, Nursing Administration, Nursing Research and Clinical Nursing.",74916,82000,8006,0.10425243153568439,17435.25,912,60,261,224,FALSE,FALSE
Rehabilitation and Therapeutic Professions.,35605,51552,15710,0.4081825148853387,24631.25,60,208,194,259,FALSE,FALSE
Religion/Religious Studies.,26568,43820.5,15179,0.6222930275451621,11707.25,36,262,203,147,TRUE,FALSE
Religious Education.,31903,42169,11095,0.35921261372098295,5656,13,271,249,33,TRUE,FALSE
Religious/Sacred Music.,33284,37322,4038,0.12131955293834876,993.5,3,284,278,3,TRUE,FALSE
Research and Experimental Psychology.,32301,51495,19865,0.5919499359977244,15918,49,209,127,208,FALSE,FALSE
Rhetoric and Composition/Writing Studies.,31343,47989,18088,0.5514463363580655,16516,115,241,156,216,TRUE,FALSE
"Romance Languages, Literatures, and Linguistics.",33562,54222,21625,0.6402903038234089,11151.5,227,187,101,128,FALSE,FALSE
"Science Technologies/Technicians, Other.",53850,66364.5,12520,0.23201059295733853,13633,6,117,232,179,FALSE,FALSE
"Science, Technology and Society.",48067.5,80699,28187.5,0.7058609804817998,18674,9,66,40,232,FALSE,TRUE
Security Science and Technology.,38710,55315,18031,0.4835571078653724,13293.25,34,176,158,172,FALSE,FALSE
"Social Sciences, General.",38147,51843,11676,0.32898597031399773,12316,80,203,241,158,FALSE,FALSE
"Social Sciences, Other.",36413.5,53550.5,23345.5,0.6186055172244045,17424.25,38,190,82,223,FALSE,FALSE
Social Work.,37380,49037,11523.5,0.3191125497763258,8527.75,416,234,245,76,TRUE,FALSE
Sociology and Anthropology.,29928,53357,22152,0.7551259456658281,11240,5,193,94,133,FALSE,FALSE
Sociology.,34344,50306,16549,0.4845414847161572,11539,473,217,179,143,FALSE,FALSE
Soil Sciences.,50770,62443,9373,0.20249746149026723,3046,7,142,255,11,FALSE,FALSE
Special Education and Teaching.,44009,49900,5170,0.123376049491825,9544.75,182,224,276,94,TRUE,FALSE
"Specialized Sales, Merchandising and  Marketing Operations.",35157,47941,18332.5,0.579845028353751,14846,63,242,147,200,TRUE,FALSE
Statistics.,59668.5,93268,31721,0.5390261550759321,29558.75,32,30,23,266,FALSE,TRUE
Sustainability Studies.,38242,62696.5,25171.5,0.5955317956361944,7946,10,141,65,62,FALSE,TRUE
Systems Engineering.,84942,103877,27217,0.3550352204539525,24673,7,10,46,260,FALSE,TRUE
Systems Science and Theory.,65683,101452,35769,0.5445701323021177,37126,3,12,13,271,FALSE,TRUE
"Teacher Education and Professional Development, Specific Levels and Methods.",41743,46546,4164,0.1006276455991826,6795.25,674,252,277,43,TRUE,FALSE
"Teacher Education and Professional Development, Specific Subject Areas.",42917,50280,7107,0.16274927813908305,6932,361,218,266,44,FALSE,FALSE
Teaching English or French as a Second or Foreign Language.,34876,31764.5,7568,0.21699736208280765,9730,6,290,264,96,TRUE,FALSE
Textile Sciences and Engineering.,45078,71193,26115,0.5793291627845069,0,1,101,57,1,FALSE,TRUE
Theological and Ministerial Studies.,33488,49241.5,14444,0.46551933688227715,12722.75,24,232,213,166,TRUE,FALSE
"Theology and Religious Vocations, Other.",NA,43784,NA,NA,4873,3,263,NA,25,TRUE,NA
Urban Studies/Affairs.,39611.5,60709,23517,0.6196514884574922,13105,25,150,81,169,FALSE,FALSE
Vehicle Maintenance and Repair Technologies.,67372,78473.5,7925,0.09731568348150696,13579.25,6,74,262,177,FALSE,FALSE
Veterinary Biomedical and Clinical Sciences.,43825,70905,27080,0.6919615391873785,3757,2,103,49,15,FALSE,TRUE
Veterinary Medicine.,NA,115070,NA,NA,0,1,5,NA,1,FALSE,NA
Veterinary/Animal Health Technologies/Technicians.,36727,41123.5,2889.5,0.08233437596817234,10393.75,12,274,279,111,TRUE,FALSE
"Visual and Performing Arts, General.",24699,39441,15908,0.6553309468660069,8742.5,59,280,190,78,TRUE,FALSE
"Visual and Performing Arts, Other.",24384,51836,19878,0.899498947062668,33633.25,6,204,126,270,FALSE,FALSE
Wildlife and Wildlands Science and Management.,28652,45339.5,16085,0.5596878181201221,6784.5,28,258,184,42,TRUE,FALSE
Woodworking.,19151,46712,27561,1.43914155918751,0,1,251,43,1,TRUE,TRUE
Zoology/Animal Biology.,28537,49352,21543.5,0.7754753554768461,12695,45,228,103,165,TRUE,FALSE
